truong-dh-nguyen-tat-thanh-chuyen-doi-hinh-thuc-thi-va-hoc-trong-mua-dich|Trường ĐH Nguyễn Tất Thành chuyển đổi hình thức thi và học trong mùa dịch|Được viết bởi Lê Hoàng Tuấn|'NTTU - Trường ĐH Nguyễn Tất Thành sẽ tiến hành thay đổi hình thức thi và học tập dành cho tất cả học viên, sinh viên Nhà trường trong giai đoạn sau Tết Nguyên Đán.\n Rút kinh nghiệm từ đợt dịch trước, Trường ĐH Nguyễn Tất Thành đã có những động thái kịp thời và nhanh chóng để không làm gián đoạn công tác dạy và học nhưng vẫn đảm bảo an toàn cho giảng viên và sinh viên trong tình hình dịch COVID-19 quay trở lại. Căn cứ vào tình hình phức tạp của dịch bệnh, Trường ĐH Nguyễn Tất Thành đã ra thông báo đến toàn thể học viên, sinh viên chuyển đổi hình thức học tập trực tuyến và thi online. Theo thông báo từ Ban giám hiệu Trường ĐH Nguyễn Tất Thành, Nhà trường sẽ tiến hành tổ chức dạy và học trực tuyến trên hệ thống E-learning tuần đầu tiên của học kỳ II, bắt đầu từ ngày 22/02/2021 đến ngày 28/02/2021.\nNgoài ra, hơn 20.000 sinh viên thuộc các chương trình đào tạo của Trường sẽ tiến hành thi trực tuyến tại nhà qua nền tảng số LMS được xây dựng và phát triển bởi Nhà trường. Học viên, sinh viên sẽ thực hiện thi online theo lịch thi được công bố trên website Phòng Đào tạo.\nĐể phục vụ cho công tác giảng dạy trực tuyến một cách tối ưu nhất và hiệu quả nhất, Nhà trường đã nâng cấp hệ thống công nghệ và hạ tầng, tổ chức tập huấn online cho đội ngũ cán bộ giảng viên về cách thức xây dựng kho học liệu điện tử và đưa lên hệ thống trực tuyến; chuẩn bị cho kế hoạch đào tạo trực tuyến.\nCác thông tin về dịch bệnh, biện pháp phòng tránh, ngăn ngừa sẽ được Trường ĐH Nguyễn Tất Thành cập nhật liên tục trên Website, Fanpage chính thống của Nhà trường. Đồng thời, sinh viên trong quá trình nghỉ học phòng dịch cần thực hiện theo các khuyến cáo của Bộ Y tế.\nThông báo về việc thay đổi hình thức dạy - học từ ngày 02/02/2021 tại trường Đại học Nguyễn Tất Thành\nThông báo về việc thay đổi lịch thi và hình thức thi các lớp học phần Học kỳ 1 năm học 2020 - 2021 \nHồng Quang - Duy Anh\nChuyên mục: Tin tức - sự kiện\nĐã đọc 31335 lần'|https://ky.ntt.edu.vn/images/system/logo.png, https://ky.ntt.edu.vn/images/system/logo.png, https://ky.ntt.edu.vn/images/system/vi.png, https://ky.ntt.edu.vn/images/system/en.png, https://ky.ntt.edu.vn/images/system/Home.png, https://ky.ntt.edu.vn/images/system/tin-tuc-kdd.jpg, https://ky.ntt.edu.vn/images/system/fb.png, https://ky.ntt.edu.vn/images/system/google.png, https://ky.ntt.edu.vn/images/system/youtube.png
soi-dong-chuong-trinh-chao-don-tan-sinh-vien-khoa-dieu-duong-nam-2019|Sôi động chương trình chào đón tân sinh viên khoa Điều dưỡng năm 2019|Được viết bởi Super User|'NTTU - Hòa chung không khí mừng năm học mới, Khoa Điều dưỡng Trường ĐH Nguyễn Tất Thành đã tổ chức chương trình Chào đón tân sinh viên khóa 2019 với nhiều hoạt động sôi nổi khích lệ tinh thần học tập của các “tân binh”.\nHòa chung không khí vui tươi chào đón năm học mới 2019 – 2020, chiều 27/11/2019, Ban chủ nhiệm Khoa Điều dưỡng Trường ĐH Nguyễn Tất Thành đã tổ chức chương trình Chào đón tân sinh viên 2019 với nhiều hoạt động sôi nổi, nhằm khích lệ tinh thần học tập của các “tân binh” vừa bước chân vào giảng đường đại học Trường ĐH Nguyễn Tất Thành.\nĐông đảo sinh viên khoa Điều dưỡng tham gia chương trình\nChương trình diễn ra tại cơ sở 300A Nguyễn Tất Thành, P.13, Q.4 trong không khí sôi động và thân thiện với sự có mặt của TS. Trần Thị Châu, Trưởng khoa Điều dưỡng; ThS. Trần Anh Tú, Phó trưởng khoa Điều dưỡng; đồng chí Nguyễn Thị Thu Thảo, Bí thư Đoàn trường; đồng chí Nguyễn Mai Thanh Trúc, Chánh văn phòng Đoàn trường; cùng đông đảo giảng viên, nhân viên và hơn 400 tân sinh viên khóa 2019 của Khoa Điều dưỡng.\nĐây được xem như một hoạt động đặc biệt để chào đón các thành viên mới của Trường ĐH Nguyễn Tất Thành, là cầu nối giữa các tân sinh viên và Ban chủ nhiệm khoa, giúp các em tìm hiểu rõ hơn về khoa, về trường, từ đó có thể chủ động trong việc học tập và rèn luyện. Đồng thời tiếp thêm nhiệt huyết và truyền cảm hứng học tập cho sinh viên khóa mới và là cơ hội để các tân sinh viên được làm quen với anh chị sinh viên khóa trên. Với những những tiết mục văn nghệ đặc sắc: ca – múa – hát… do sinh viên, câu lạc bộ, nhóm nhảy của Khoa Điều dưỡng và Trường ĐH Nguyễn Tất Thành dàn dựng và thể hiện, chương trình đã đem đến cho người xem nhiều cung bậc cảm xúc, từ vui tươi, sôi động đến nhẹ nhàng, sâu lắng.\nCác tiết mục văn nghệ được dàn dựng và thể hiện đem đến cho người xem nhiều cung bậc cảm xúc, từ vui tươi, sôi động đến nhẹ nhàng, sâu lắng\nThay mặt cho Ban lãnh đạo Khoa, TS. Trần Thị Châu gửi lời chào mừng đến các tân sinh viên đã gia nhập vào “ngôi nhà chung” Khoa Điều dưỡng Trường ĐH Nguyễn Tất Thành, đồng thời bày tỏ hy vọng các em sẽ cố gắng phấn đấu, nỗ lực học tập và trau dồi kỹ năng thật tốt trong suốt 4 năm ngồi trên giảng đường đại học.\nTS. Trần Thị Châu phát biểu tại chương trình\nCũng tại chương trình, các tân sinh viên đã được trực tiếp lắng nghe các thầy cô trong Ban chủ nhiệm khoa tư vấn, chia sẻ nhiều thông tin bổ ích về các quy định của Nhà trường, về ý nghĩa của ngành học, quá trình hoạt động và thành tích của Khoa Điều dưỡng, phương pháp học đại học hiệu quả, được giao lưu thủ khoa và các anh chị khóa trên… Hy vọng thông qua hoạt động đầu khóa lần này, các tân sinh viên sẽ mau chóng thích nghi với môi trường mới đồng thời hoạch định ra được kế hoạch học tập hiệu quả, cũng như vận dụng tốt các kỹ năng cần thiết của một sinh viên để tiếp tục vẽ nên những “bức tranh” mới thú vị và đầy sắc màu của tuổi trẻ.\nTags: tân sinh viên điều dưỡng\nChuyên mục: Tin tức - sự kiện\nĐã đọc 4202 lần'|https://ky.ntt.edu.vn/images/system/logo.png, https://ky.ntt.edu.vn/images/system/logo.png, https://ky.ntt.edu.vn/images/system/vi.png, https://ky.ntt.edu.vn/images/system/en.png, https://ky.ntt.edu.vn/images/system/Home.png, https://ky.ntt.edu.vn/images/BaiViet/Nam2019/Thang12/chao-don-tan-sinh-vien-khoa-dieu-duong-nam-2019-1.jpg, https://ky.ntt.edu.vn/images/BaiViet/Nam2019/Thang12/chao-don-tan-sinh-vien-khoa-dieu-duong-nam-2019-2.jpg, https://ky.ntt.edu.vn/images/BaiViet/Nam2019/Thang12/chao-don-tan-sinh-vien-khoa-dieu-duong-nam-2019-3.jpg, https://ky.ntt.edu.vn/images/system/tin-tuc-kdd.jpg, https://ky.ntt.edu.vn/images/system/fb.png, https://ky.ntt.edu.vn/images/system/google.png, https://ky.ntt.edu.vn/images/system/youtube.png
truong-dh-nguyen-tat-thanh-cung-cap-kien-thuc-ve-benh-dot-quy-cho-sinh-vien|Trường ĐH Nguyễn Tất Thành cung cấp kiến thức về bệnh đột quỵ cho sinh viên|Được viết bởi Nguyễn Quốc Điền|'NTTU – Sáng ngày 17/12/2020, Trường ĐH Nguyễn Tất Thành đã phối hợp cùng báo Tiền Phong tổ chức chương trình tọa đàm “Đột quỵ gia tăng ở người trẻ, giải pháp nào để phòng ngừa?” thu hút sự tham gia của đông đảo sinh viên.\n  Chương trình có sự tham gia của các diễn giả: TS.BS. Trần Chí Cường – Chủ tịch Can thiệp Thần kinh TP. HCM, thành viên Can thiệp thần kinh Thế giới, Giám đốc bệnh viện Đột quỵ Tim mạch Cần Thơ; PGS.TS.BS. Nguyền Hoài Nam, Phó chủ tịch thường trực kiêm Tổng thư ký Hội Phẫu thuật Lồng ngực và Tim mạch TP. HCM, Chủ tịch Hội Tĩnh mạch học TP. HCM, Giám đốc Bệnh viện Quốc tế Minh Anh; BSCK II Huỳnh Thanh Ân – Viện Y dược học Dân tộc TP. HCM; BSCK I Lê Công Trí – Bệnh viện quận Thủ Đức; TS. Nguyễn Văn Tuấn, giảng viên bộ môn Thần kinh học, khoa Y Trường ĐH Nguyễn Tất Thành cùng đại diện báo Tiền Phong, Trường ĐH Nguyễn Tất Thành, các chuyên gia, nhà quản lý, các nhà nghiên cứu và đông đảo giảng viên, sinh viên Trường ĐH Nguyễn Tất Thành.\nĐông đảo sinh viên tham gia chương trình\nTại tọa đàm, các diễn giả đã cung cấp cái nhìn toàn diện về căn bệnh đột quỵ tại Việt Nam và trên thế giới, đặc biệt là sự khác nhau giữa đột quỵ và đột tử để mọi người có thể phân biệt rõ hai căn bệnh này. Bên cạnh đó, các chuyên gia cũng đã đưa ra các nguyên nhân dẫn đến bệnh đột quỵ ở giới trẻ như mất ngủ, hút thuốc lá, uống rượu bia và béo phì lười vận động, những dấu hiệu này thường thấy ở các bạn sinh viên, nhất là vào những mùa thi, việc thức khuya học bài, căng thẳng và stress trong việc ôn thi cũng khiến cho các bạn trở thành đối tượng của chứng đột quỵ. Ngoài ra, những người trẻ thường có tâm lý chủ quan, không dự phòng tầm soát sớm thường dễ dàng bỏ qua các triệu chứng của đột quỵ để cấp cứu kịp thời.\nCác diễn giả phân tích, chia sẻ thông tin về căn bệnh đột quỵ đến các bạn sinh viên\nThông qua các thông tin từ diễn giả, sinh viên Trường ĐH Nguyễn Tất Thành đã đặt ra nhiều câu hỏi xoay quanh các vấn đề về dấu hiệu của bệnh đột quỵ, các biện pháp ngăn chặn căn bệnh này…. Từ đây, các diễn giả đã đưa ra những lời khuyên dành cho các bạn sinh viên Trường ĐH Nguyễn Tất Thành về thực đơn ăn uống hằng ngày hay điều chỉnh giấc ngủ, việc tập luyện thể dục và đặc biệt là thay đổi thói quen sống hằng ngày.\nSinh viên đưa ra nhiều câu hỏi về bệnh đột quỵ cho các diễn giả\nVới những phân tích và lời khuyên của các chuyên gia, tọa đàm hy vọng sinh viên Trường ĐH Nguyễn Tất Thành sẽ có đầy đủ kiến thức về bệnh đột quỵ, các dấu hiệu cũng như biện pháp phòng tránh nhằm bảo vệ tốt sức khỏe bản thân, gia đình và xã hội.\nTags: đột quỵ\nChuyên mục: Tin tức - sự kiện\nĐã đọc 37751 lần'|https://ky.ntt.edu.vn/images/system/logo.png, https://ky.ntt.edu.vn/images/system/logo.png, https://ky.ntt.edu.vn/images/system/vi.png, https://ky.ntt.edu.vn/images/system/en.png, https://ky.ntt.edu.vn/images/system/Home.png, https://ntt.edu.vn/web/upload/images/NTTU%20-%20TOA%20DAM%20BENH%20DOT%20QUY%20(2).JPG, https://ntt.edu.vn/web/upload/images/NTTU%20-%20TOA%20DAM%20BENH%20DOT%20QUY%20(3).JPG, https://ntt.edu.vn/web/upload/images/NTTU%20-%20TOA%20DAM%20BENH%20DOT%20QUY%20(5).JPG, https://ntt.edu.vn/web/upload/images/NTTU%20-%20TOA%20DAM%20BENH%20DOT%20QUY%20(4).JPG, https://ky.ntt.edu.vn/images/system/tin-tuc-kdd.jpg, https://ky.ntt.edu.vn/images/system/fb.png, https://ky.ntt.edu.vn/images/system/google.png, https://ky.ntt.edu.vn/images/system/youtube.png
hang-nghin-co-hoi-viec-lam-cho-sinh-vien-truong-dh-nguyen-tat-thanh|Hàng nghìn cơ hội việc làm cho sinh viên Trường ĐH Nguyễn Tất Thành|Được viết bởi Lê Hoàng Tuấn|'NTTU - Tiếp nối những thành công trong công tác giới thiệu việc làm cho sinh viên, trong 2 ngày 05 – 06/01/2021, Trường ĐH Nguyễn Tất Thành đã tổ chức Ngày hội tuyển dụng năm học 2020 – 2021, thu hút sự tham gia của đông đảo nhà tuyển dụng, các doanh nghiệp và hơn 1.500 sinh viên thuộc 48 ngành đào tạo.\nNgày hội việc làm năm nay được tổ chức với quy mô lớn, hội tụ nhiều doanh nghiệp uy tín trên địa bàn TP. HCM và khu vực lân cận như: Công ty CP Dược Phẩm Pharmacity, Công ty Cổ Phần Tập Đoàn Merap, Công ty Cổ Phần Tập Đoàn Hoa Sen, Công ty TNHH MTV Nhà Hàng Hoàng Yến, Công ty Cổ Phần Chăn Nuôi C.P. Việt Nam… tạo ra hơn 1.000 cơ hội việc làm cho sinh viên. Đến tham gia ngày hội, các bạn sinh viên đã có cơ hội tham gia tọa đàm tư vấn chọn nghề nghiệp, đến các gian hàng của các doanh nghiệp, được các nhân viên tư vấn, giới thiệu việc làm, tham gia các trò chơi đố vui có thưởng... Đặc biệt, sinh viên còn được tham gia chương trình rút thăm may mắn với nhiều phần quà có giá trị.\nĐây sẽ là cơ hội vô cùng quý báu để sinh viên các khóa Trường ĐH Nguyễn Tất Thành học hỏi, tích góp kinh nghiệm cũng như trực tiếp phỏng vấn với các nhà tuyển dụng. Không chỉ vậy, sinh viên có thể tìm kiếm được việc làm mà mình yêu thích ngay từ năm nhất.\nTrong sự kiện này, phòng Quan hệ doanh nghiệp và Việc làm sinh viên Trường ĐH Nguyễn Tất Thành đã giới thiệu đến các doanh nghiệp, nhà tuyển dụng và sinh viên cổng thông tin tìm kiến việc làm của Nhà trường tại website: https://vieclam.ntt.edu.vn/. Đây sẽ là nền tảng để nhà tuyển dụng và các ứng viên có thể đăng tin tìm kiếm và ứng tuyển vào vị trí việc làm phù hợp.\nCổng thông tin việc làm của Trường ĐH Nguyễn Tất Thành\nNgày hội tuyển dụng là hoạt động thường niên của trường ĐH Nguyễn Tất Thành, được tổ chức mỗi năm hai lần. Chương trình là dịp để sinh viên Nhà trường có cơ hội được tuyển dụng trực tiếp theo nhu cầu tuyển dụng nhân sự của doanh nghiệp nói chung, đồng thời là cơ hội để sinh viên các khóa được hướng nghiệp ngay khi còn ngồi trên ghế nhà trường, thậm chí là tìm được chỗ thực tập, hay việc làm bán thời gian để kiếm thêm thu nhập trang trải cho cuộc sống.\nTags: Việc làm\nChuyên mục: Tin tức - sự kiện\nĐã đọc 42023 lần'|https://ky.ntt.edu.vn/images/system/logo.png, https://ky.ntt.edu.vn/images/system/logo.png, https://ky.ntt.edu.vn/images/system/vi.png, https://ky.ntt.edu.vn/images/system/en.png, https://ky.ntt.edu.vn/images/system/Home.png, https://kd.ntt.edu.vn/images/BaiViet/Nam2021/Thang01/hang-nghin-co-hoi-viec-lam-cho-sinh-vien-truong-dh-nguyen-tat-thanh-1.jpg, https://kd.ntt.edu.vn/images/BaiViet/Nam2021/Thang01/hang-nghin-co-hoi-viec-lam-cho-sinh-vien-truong-dh-nguyen-tat-thanh-2.jpg, https://kd.ntt.edu.vn/images/BaiViet/Nam2021/Thang01/hang-nghin-co-hoi-viec-lam-cho-sinh-vien-truong-dh-nguyen-tat-thanh-3.jpg, https://ky.ntt.edu.vn/images/system/tin-tuc-kdd.jpg, https://ky.ntt.edu.vn/images/system/fb.png, https://ky.ntt.edu.vn/images/system/google.png, https://ky.ntt.edu.vn/images/system/youtube.png
khoa-y-tung-bung-ky-niem-37-nam-ngay-nha-giao-viet-nam-20-11|Khoa Y tưng bừng kỷ niệm 37 năm ngày Nhà giáo Việt Nam 20/11|Được viết bởi Super User|'Sáng ngày 18/11/2019, tại cơ sở 300A Nguyễn Tất Thành, P.13, Q.4, Ban lãnh đạo Khoa Y Trường ĐH Nguyễn Tất Thành đã long trọng tổ chức chương trình Tri ân ngày Nhà giáo Việt Nam nhằm tôn vinh và tri ân công lao đóng góp cho sự nghiệp giảng dạy của các quý thầy cô thuộc khối ngành sức khỏe.\nBuổi lễ có sự tham dự của đại diện Ban giám hiệu nhà trường: TS. Trần Ái Cầm, Phó hiệu trưởng thường trực; GS. Nguyễn Văn Thanh, Phó hiệu trưởng, Trưởng khoa Dược; PGS.TS. Trần Thị Hồng, Phó hiệu trưởng; cùng PGS.TS. Lê Thị Kim Nhung, Trưởng khoa Y; đại diện của các bệnh viện liên kết thực hành như: BV Chợ Rẫy, BV Thống Nhất, BV 1A, BV 30/4, BV Nhân dân Gia định, BV Nhi đồng 2, BV Quận Thủ Đức, Viện Pasteur, Phân viện Khoa học an toàn vệ sinh lao động và bảo vệ môi trường miền Nam… và toàn thể giảng viên, đại diện sinh viên của Khoa Y cùng tham gia.\nĐặc biệt, thầy và trò Khoa Y Trường ĐH Nguyễn Tất Thành còn vinh dự đón tiếp GS.TS.BS. Đặng Vạn Phước, Trưởng Khoa Y - ĐHQG TP.HCM (nguyên Hiệu trưởng ĐH Y Dược TP. HCM) với bài thuyết trình về: Thực trạng đào tạo ngành y và sự cần thiết đổi mới trong phương pháp giảng dạy. Hy vọng bài thuyết trình sẽ có sức mạnh lan tỏa và tạo cái nhìn khác biệt trong công tác đào tạo ngành y để nâng cao chất lượng nguồn lực y tế, phục vụ nhu cầu chăm sóc – bảo vệ sức khỏe nhân dân cũng như đáp ứng nhu cầu phát triển của xã hội.\nGS.TS.BS. Đặng Vạn Phước thuyết trình về Thực trạng đào tạo ngành y và sự cần thiết đổi mới trong phương pháp giảng dạy tại buổi lễ\nCũng tại buổi lễ, GS.TS. Nguyễn Văn Thanh, Phó hiệu trưởng phụ trách về khối Khoa học sức khỏe đã đọc diễn văn chào mừng ngày Nhà giáo Việt Nam, cũng như gửi lời chúc mừng đến tất cả các thầy giáo, cô giáo, CBNV của Khoa Y đã và đang đóng góp sức mình vào sự nghiệp giáo dục của đất nước, đưa Khoa Y Trường ĐH Nguyễn Tất Thành ngày càng phát triển đúng như kỳ vọng của lãnh đạo nhà trường. Đồng thời nhấn mạnh nhiệm vụ trọng tâm trong thời gian tới của khoa là cải cách chương trình đào tạo theo hướng tích cực và dựa trên năng lực theo định hướng phát triển chung của nhà trường, đặc biệt là đẩy mạnh công tác đảm bảo chất lượng giáo dục đại học, tăng cường hiệu quả công tác phát triển và chuyển giao khoa học công nghệ.\nGS. Nguyễn Văn Thanh, Phó hiệu trưởng nhà trường, gửi lời chúc mừng đến tất cả các thầy giáo, cô giáo, CBNV của Khoa Y\nThay mặt cho các bạn sinh viên của khoa, em Anh Thư, sinh viên lớp 18DYK1B, ngành Y đa khoa, đã gửi lời tri ân đến các thầy giáo, cô giáo, cảm ơn các quý thầy cô đã không quản ngại khó khăn để truyền dạy cho sinh viên những bài học bổ ích.\nĐại diện sinh viên Khoa Y gửi lời tri ân đến quý thầy cô\nChương trình tri ân ngày Nhà giáo Việt Nam 20/11 của Khoa Y đã khép lại trong không khí trang trọng và cũng không kém phần vui tươi, đầm ấm. Với niềm vinh dự và tự hào vì sự cống hiến cho sự nghiệp “trồng người” của nước nhà, mỗi nhà giáo, CBNV của Khoa Y sẽ luôn nỗ lực và phấn đấu, góp phần dựng xây Trường ĐH Nguyễn Tất Thành ngày càng phát triển mạnh mẽ trong lĩnh vực giáo dục và đào tạo các ngành về khoa học sức khỏe, sẵn sàng đáp ứng những yêu cầu ngày càng cao của xã hội.\nDưới đây là một số hình ảnh của buổi lễ:\nChuyên mục: Tin tức - sự kiện\nĐã đọc 10138 lần'|https://ky.ntt.edu.vn/images/system/logo.png, https://ky.ntt.edu.vn/images/system/logo.png, https://ky.ntt.edu.vn/images/system/vi.png, https://ky.ntt.edu.vn/images/system/en.png, https://ky.ntt.edu.vn/images/system/Home.png, https://ky.ntt.edu.vn/images/BaiViet/Nam2019/Thang12/khoa-y-tung-bung-ky-niem-37-nam-ngay-nha-giao-viet-nam-20-11-1.jpg, https://ky.ntt.edu.vn/images/BaiViet/Nam2019/Thang12/khoa-y-tung-bung-ky-niem-37-nam-ngay-nha-giao-viet-nam-20-11-2.jpg, https://ky.ntt.edu.vn/images/BaiViet/Nam2019/Thang12/khoa-y-tung-bung-ky-niem-37-nam-ngay-nha-giao-viet-nam-20-11-3.jpg, https://ky.ntt.edu.vn/images/BaiViet/Nam2019/Thang12/khoa-y-tung-bung-ky-niem-37-nam-ngay-nha-giao-viet-nam-20-11-4.jpg, https://ky.ntt.edu.vn/images/BaiViet/Nam2019/Thang12/khoa-y-tung-bung-ky-niem-37-nam-ngay-nha-giao-viet-nam-20-11-5.jpg, https://ky.ntt.edu.vn/images/system/tin-tuc-kdd.jpg, https://ky.ntt.edu.vn/images/system/fb.png, https://ky.ntt.edu.vn/images/system/google.png, https://ky.ntt.edu.vn/images/system/youtube.png
nganh-vat-ly-y-khoa-truong-dh-nguyen-tat-thanh-dau-tu-thiet-bi-thuc-hanh-cho-sinh-vien|Ngành Vật lý Y khoa Trường ĐH Nguyễn Tất Thành đầu tư thiết bị thực hành cho sinh viên|Được viết bởi Super User|'NTTU - Ngày 12/11/2019, ngành Vật lý Y khoa Trường ĐH Nguyễn Tất Thành vui mừng tiếp nhận các thiết bị thực hành từ Cơ quan Năng lực nguyên tử quốc tế (IAEA) trong khuôn khổ Dự án hợp tác kỹ thuật “Xây dựng chương trình đào tạo vật lý y khoa” – VIE6030.\nNgành Vật lý Y khoa được thành lập từ năm 2017 và Trường ĐH Nguyễn Tất Thành là trường đầu tiên tại Việt Nam được phép đào tạo ngành học này. Sau 2 năm thành lập, ngành Vật lý Y khoa Trường ĐH Nguyễn Tất Thành đã có những bước tiến vượt trội, số lượng sinh viên theo học ngày một đông. Đội ngũ giảng viên không ngừng nâng cao chất lượng giảng dạy và nghiên cứu. Bên cạnh đó, giáo sư danh dự ngành Vật lý y khoa ĐH Nguyễn Tất Thành, GS. Ng Kwan Hoong trở thành một trong 100 nhà khoa học châu Á năm 2019.\nCác thiết bị thực hành đang lắp ráp để phục vụ cho việc thực hành của sinh viên\nNgoài nâng cao chất lượng đào tạo và đội ngũ giảng viên thì Nhà trường cũng hỗ trợ khoa Y nói chung và ngành Vật lý Y khoa nói riêng trong việc đầu tư về cơ sở vật chất. Hy vọng trong thời gian tới với sự hỗ trợ tối đa và tích cực từ phía Nhà trường sinh viên ngành Vật lý Y khoa sẽ có các phòng thí nghiệm hiện đại để thực hành chuyên ngành Vật lý Y khoa cho Xạ trị, Y học hạt nhân và Chẩn đoán hình ảnh. Đây sẽ là những phòng thí nghiệm hiện đại, đầy đủ đầu tiên của Việt Nam về lĩnh vực này nhằm tạo điều kiện tốt nhât cho việc học tập của sinh viên và đáp ứng nhu cầu của xã hội về chất lượng đào tạo.\nTags: vật lý y khoa\nChuyên mục: Tin tức - sự kiện\nĐã đọc 15948 lần'|https://ky.ntt.edu.vn/images/system/logo.png, https://ky.ntt.edu.vn/images/system/logo.png, https://ky.ntt.edu.vn/images/system/vi.png, https://ky.ntt.edu.vn/images/system/en.png, https://ky.ntt.edu.vn/images/system/Home.png, https://ky.ntt.edu.vn/images/BaiViet/Nam2019/Thang12/nganh-vat-ly-y-khoa-truong-dh-nguyen-tat-thanh-dau-tu-thiet-bi-thuc-hanh-cho-sinh-vien.jpg, https://ky.ntt.edu.vn/images/system/tin-tuc-kdd.jpg, https://ky.ntt.edu.vn/images/system/fb.png, https://ky.ntt.edu.vn/images/system/google.png, https://ky.ntt.edu.vn/images/system/youtube.png
dh-nguyen-tat-thanh-va-hanh-trinh-vuon-tam-quoc-te|ĐH Nguyễn Tất Thành và hành trình vươn tầm quốc tế|Được viết bởi Phan Sơn Thịnh|'NTTU - Việc chủ động hội nhập và hoàn thiện mình theo hướng quốc tế hóa chính là bước đệm quan trọng đưa Trường ĐH Nguyễn Tất Thành phát triển lớn mạnh, trở thành thương hiệu uy tín vươn tầm ra thế giới.\nChủ động hội nhập quốc tế\nTrong bối cảnh hội nhập quốc tế sâu rộng như hiện nay thì việc đẩy mạnh quốc tế hóa chính là cách tốt nhất để một trường đại học vươn mình ra thế giới. Trường ĐH Nguyễn Tất Thành trong suốt 20 năm phát triển đã luôn chú trọng đến hoạt động hợp tác quốc tế với nhiều thành tựu đáng kể. Với mục tiêu trở thành cầu nối giúp sinh viên tiếp cận nền giáo dục, và khoa học công nghệ tiên tiến thế giới, các chương trình đào tạo tại Trường ĐH Nguyễn Tất Thành liên tục được cập nhật, thiết kế linh hoạt theo chuẩn quốc tế. Trường cũng trở thành đơn vị tiên phong trong việc chuẩn hóa, đổi mới toàn diện giáo dục với 4 chương trình đào tạo được công nhận đạt chuẩn chất lượng AUN-QA là Công nghệ Thông tin, Quản trị Kinh doanh, Ngôn ngữ Anh và Tài chính Ngân hàng. Bên cạnh đó thì ngành Quản trị Khách sạn và Kỹ thuật Điện – Điện tử của ĐH Nguyễn Tất Thành cũng được công nhận đạt chuẩn chất lượng cấp cơ sở giáo dục theo thông tư 04/2016/TT-BGDĐT của Bộ GD&ĐT.\nNhững mối quan hệ hợp tác, liên kết đào tạo giữa Trường ĐH Nguyễn Tất Thành với các đơn vị giáo dục danh tiếng quốc tế liên tục được thiết lập và phát triển, giúp đội ngũ CBGV tiếp cận với các mô hình quản lý giáo dục, phương pháp giảng dạy hiện đại; giúp sinh viên được học tập trong môi trường chuyên nghiệp, cơ hội du học và việc làm thêm rộng mở. Bên cạnh đó là kết nối với doanh nghiệp nước ngoài đưa hàng ngàn sinh viên Điều dưỡng, Công nghệ Sinh học, Du lịch – Việt Nam học sang Đức, Nhật, Trung, Israel... thực tập và làm việc để nâng cao tri thức, tự tin hội nhập với thế giới.\nTừ năm 2008, Viện đào tạo quốc tế NIIE của ĐH Nguyễn Tất Thành đã hợp tác với nhiều tổ chức giáo dục uy tín đào tạo các chương trình liên kết, chuyển tiếp, tạo điều kiện cho SV lấy bằng cử nhân của ĐH Coventry, Birmingham City, Arkansas, Meiho... Và mới đây nhất là phối hợp với ĐH MUST (Malaysia) đào tạo ngành Quản lý Chuỗi cung ứng trình độ thạc sỹ; triển khai đào tạo chương trình chuẩn Nhật Bản: 3 năm đầu học tại NTTU, năm cuối thực tập tại Nhật với mức lương hấp dẫn, thu hút sự quan tâm của đông đảo sinh viên. Chính sự nỗ lực phát triển theo xu thế hội nhập đã trở thành bước đệm quan trọng đưa Trường ĐH Nguyễn Tất Thành phát triển lớn mạnh thành thương hiệu uy tín vươn tầm quốc tế.\n  NTTU trở thành ngôi trường uy tín vươn tầm ra thế giới với các thế hệ SV luôn được các nhà tuyển dụng đánh giá cao\nTiếp bước tương lai\nTháng 11/2019 vừa qua, thầy và trò Trường ĐH Nguyễn Tất Thành một lần nữa thu được “quả ngọt” với chứng nhận quốc tế 4 sao QS Stars (Anh Quốc) – một điều kiện quan trọng để khẳng định danh tiếng và nâng cao giá trị bằng cấp của sinh viên. Trước đó, vào năm 2017, ĐH Nguyễn Tất Thành đã trở thành thành viên liên kết của Mạng lưới các trường đại học Đông Nam Á AUN-QA. Đặc biệt, từ vị trí top 10 vào năm 2018 thì đến tháng 07/2019, Trường đã vươn lên vị trí thứ 5 cả nước về công trình nghiên cứu công bố quốc tế (xếp hạng của tạp chí Institute for Scientific Information). Những kết quả này chính là phần thưởng cao quý cho sự nỗ lực của cả một tập thể miệt mài hoạt động và cống hiến để góp phần xây dựng cho sự phát triển của nền giáo dục nước nhà.\nNhìn lại 20 năm bền bỉ cùng sự nghiệp giáo dục để định hướng cho tương lai. Thầy và trò Trường ĐH Nguyễn Tất Thành vẫn sẽ cần mẫn bước đi để viết tiếp giấc mơ vươn tầm ra thế giới, hoàn thành mục tiêu đến 2025 sẽ có mặt trong danh sách 300 trường đại học tại Châu Á và top 50 ASEAN, đồng thời đẩy mạnh mô hình giáo dục đại học 4.0, đáp ứng nhu cầu nhân lực trong bối cảnh cuộc CMCN lần thứ tư.\nTags: quốc tế\nChuyên mục: Tin tức - sự kiện\nĐã đọc 59225 lần'|https://ky.ntt.edu.vn/images/system/logo.png, https://ky.ntt.edu.vn/images/system/logo.png, https://ky.ntt.edu.vn/images/system/vi.png, https://ky.ntt.edu.vn/images/system/en.png, https://ky.ntt.edu.vn/images/system/Home.png, https://ky.ntt.edu.vn/images/BaiViet/Nam2020/Thang1/dh-nguyen-tat-thanh-va-hanh-trinh-vuon-tam-quoc-te.jpg, https://ky.ntt.edu.vn/images/system/tin-tuc-kdd.jpg, https://ky.ntt.edu.vn/images/system/fb.png, https://ky.ntt.edu.vn/images/system/google.png, https://ky.ntt.edu.vn/images/system/youtube.png
loi-tri-an-den-pgs-ts-nguyen-manh-hung|Lời tri ân đến PGS. TS. Nguyễn Mạnh Hùng|Được viết bởi Nguyễn Quốc Điền|'Peter Marshall từng nói “Thước đo của cuộc đời không phải là thời gian mà là sự cống hiến”, có những người cống hiến cho quê hương đất nước, cho xã hội, có người cống hiến cho chính lý tưởng của mình.\nCách đây 21 năm, người thanh niên Làng Gióng Nguyễn Mạnh Hùng đã vì lý tưởng của mình đó là mong muốn xây dựng một cơ sở giáo dục mà ở đó sinh viên là những người làm chủ đã dốc hết lòng theo đuổi tâm nguyện đó. Để rồi ngôi trường ĐH Nguyễn Tất Thành đã ra đời giữa bao bộn bề khó khăn, thiếu thốn nhưng cũng chứa đầy khát vọng của người tạo ra nó.\nVị thuyền trưởng tài ba, PGS. TS. Nguyễn Mạnh Hùng đã chứng tỏ bản lĩnh của mình lèo lái con tàu tri thức vượt qua trùng khơi khó khăn để cập bến thành công. Lật lại những trang sử của Trường mới thấy dấu ấn lãnh đạo của PGS.TS Nguyễn Mạnh Hùng được thể hiện đậm nét trên từng chặng đường phát triển. Đi lên từ con số không, bằng sự cống hiến hết mình cả về sức lực và trí lực, PGS- TS Nguyễn Mạnh Hùng đã góp phần tạo ra một Trường ĐH Nguyễn Tất Thành với nhiều thành tích vượt trội, trở thành đại học ngoài công lập lớn nhất nhì cả nước. Từ một trung tâm dạy nghề đào tạo cho công nhân ngành may trở thành một trường đại học đa ngành đa bậc học, là nơi học tập của 20.000 sinh viên thuộc 5 khối ngành đào tạo Sức khỏe, Kinh tế, Kỹ thuật – Công nghệ, Xã hội Nhân văn, Nghệ thuật. Thầy là người đã góp phần làm tăng thêm bề dày thành tích của trường Đại học Nguyễn Tất Thành khi nhiều năm liền trường đạt các danh hiệu Huân chương lao động hạng Nhất, hạng Nhì, hạng Ba, Tập thể lao động xuất sắc, các bằng khen… do Chủ tịch nước, Thủ tướng Chính phủ, Bộ Công thương, Bộ Giáo dục và Đào tạo trao tặng.\nPGS. TS. Nguyễn Mạnh Hùng\nBằng những nỗ lực và phấn đấu không ngừng nghỉ của bản thân PGS. TS. Nguyễn Mạnh Hùng luôn hoàn thành xuất sắc nhiệm vụ của mình dù ở bất kỳ cương vị nào. Trong bấy nhiêu năm cống hiến cho nền giáo dục, ngoài vai trò là nhà quản lý ưu tú, người lãnh đạo xuất sắc, thầy còn là người thầy mẫu mực được các thế hệ sinh viên, đồng nghiệp kính trọng. Không chỉ cống hiến hết mình cho sự nghiệp giáo dục Thầy còn là một nhà khoa học hăng say nghiên cứu, tìm tòi, trở thành một tấm gương cho biết bao thế hệ học trò. Cá nhân thầy nhận được nhiều danh hiệu cao quý của Đảng và Nhà nước trao tặng như: Huân chương Lao động hạng Nhất, hạng Nhì, hạng Ba; Bằng khen của Thủ tướng Chính phủ; Doanh nhân TP tiêu biểu; Doanh nhân Việt Nam tiêu biểu…\nTâm sáng, tầm cao, ý chí lớn trong việc theo đuổi chân lý khoa học, uyển chuyển và điềm tĩnh trong giải quyết vấn đề, nhìn nhận sự việc một cách đa diện, xử lý khách quan, công tâm sự nghiêm túc, cương trực và liêm khiết của nhà quản lý, PGS. TS. Nguyễn Mạnh Hùng đã để lại sự kính trọng và yêu mến của bao thế hệ cán bộ, giảng viên và sinh viên.\nNay vì lý do sức khỏe, Thầy trao quyền lãnh đạo ngôi trường mà mình dành bao tâm huyết để bồi đắp cho người kế nhiệm và các cộng sự của mình. Thay mặt tập thể cán bộ, nhân viên, giảng viên và sinh viên xin gửi lời tri ân tới Thầy, cảm ơn Thầy vì đã dành cả cuộc đời để xây dựng nên một Trường ĐH Nguyễn Tất Thành như ngày hôm nay.\nKính chúc Thầy sức khỏe và thật nhiều niềm vui.\nTrân trọng.\nChuyên mục: Tin tức - sự kiện\nĐã đọc 38400 lần'|https://ky.ntt.edu.vn/images/system/logo.png, https://ky.ntt.edu.vn/images/system/logo.png, https://ky.ntt.edu.vn/images/system/vi.png, https://ky.ntt.edu.vn/images/system/en.png, https://ky.ntt.edu.vn/images/system/Home.png, https://ky.ntt.edu.vn/images/WEB/pgs-ts-nguyen-manh-hung.jpg, https://ky.ntt.edu.vn/images/system/tin-tuc-kdd.jpg, https://ky.ntt.edu.vn/images/system/fb.png, https://ky.ntt.edu.vn/images/system/google.png, https://ky.ntt.edu.vn/images/system/youtube.png
dh-nguyen-tat-thanh-vinh-danh-cac-cu-nhan-dieu-duong-tai-le-tot-nghiep-nam-2019|ĐH Nguyễn Tất Thành vinh danh các cử nhân Điều dưỡng tại Lễ tốt nghiệp năm 2019|Được viết bởi Super User|'NTTU – Sáng ngày 05/10/2019, tại Hội trường cơ sở quận 4, Trường ĐH Nguyễn Tất Thành long trọng tổ chức Lễ tốt nghiệp cho sinh viên bậc Đại học liên thông từ Trung cấp khóa 2016; bậc Cao đẳng liên thông từ Trung cấp khóa 2017.\nTham gia buổi lễ có sự hiện của GS.TS. Nguyễn Văn Thanh – Phó Hiệu trưởng, Trưởng khoa Dược, TS. Trần Thị Châu – Trương khoa Điều dưỡng, TS. Tào Thị Lan Phương - Trưởng phòng Liên kết đào tạo, ThS. Vũ Thị Thảo Nguyên – Phó trưởng phòng Liên kết đào tạo cùng hơn 300 tân khoa các bậc đào tạo liên thông.\nHơn 300 tân khoa tham gia Lễ tốt nghiệp\nTrong đợt tốt nghiệp này, Trường ĐH Nguyễn Tất Thành có một thủ khoa Nguyễn Duy Ngọc tốt nghiệp loại suất sắc với trung bình tín chỉ là 3,81/4. Ngoài ra Nhà trường chúc mừng sinh viên tốt nghiệp loại xuất sắc, loại giỏi, loại khá.\nThủ khoa Nguyễn Duy Ngọc tốt nghiệp loại suất sắc với trung bình tín chỉ là 3,81/4 và...\n... tân khoa tốt nghiệp loại xuất sắc\nPhát biểu tại buổi lễ, GS.TS. Nguyễn Văn Thanh chia sẻ: “Sau 4 năm miệt mài đèn sách, các tân khoa đã có thể tự hào và được quyền tự hào vì sau khoảng khắc long trọng và đáng nhớ này, các tân khoa chính thức bước vào đời với tư cách là những cử nhân điều dưỡng, đem hết sức lực và trí tuệ đóng góp cho sự nghiệp chăm sóc sức khỏe cho toàn dân. Thay mặt cho tập thể sư phạm Trường ĐH Nguyễn Tất Thành, tôi chúc cho các cử nhân Điều dưỡng sẽ đầy đủ nghị lực, kiến thức và kỹ năng để hoàn thành tốt nghệ nghiệp mình đã chọn.”\nGS.TS. Nguyễn Văn Thanh chia sẻ tại buổi lễ\nBuổi lễ kết thúc với nghi thức tung nón của các tân khoa. 305 chiếc nón tốt nghiệp được tung bay trên cao sẽ mang theo những ước mơ, lý tưởng, hoài bão của các tân khoa, hăng hái hái bước tiếp trên chặng đường sự nghiệp đang rộng mở của mình. \nNhững chiếc nón được tung lên mang theo giấc mơ, hoài bão của mỗi tân cử nhân Điều dưỡng\nChuyên mục: Tin tức - sự kiện\nĐã đọc 4068 lần'|https://ky.ntt.edu.vn/images/system/logo.png, https://ky.ntt.edu.vn/images/system/logo.png, https://ky.ntt.edu.vn/images/system/vi.png, https://ky.ntt.edu.vn/images/system/en.png, https://ky.ntt.edu.vn/images/system/Home.png, https://ky.ntt.edu.vn/images/BaiViet/Nam2019/Thang12/cu-nhan-dieu-duong-tai-le-tot-nghiep-nam-2019-1.jpg, https://ky.ntt.edu.vn/images/BaiViet/Nam2019/Thang12/cu-nhan-dieu-duong-tai-le-tot-nghiep-nam-2019-2.jpg, https://ky.ntt.edu.vn/images/BaiViet/Nam2019/Thang12/cu-nhan-dieu-duong-tai-le-tot-nghiep-nam-2019-3.jpg, https://ky.ntt.edu.vn/images/BaiViet/Nam2019/Thang12/cu-nhan-dieu-duong-tai-le-tot-nghiep-nam-2019-4.jpg, https://ky.ntt.edu.vn/images/BaiViet/Nam2019/Thang12/cu-nhan-dieu-duong-tai-le-tot-nghiep-nam-2019-5.jpg, https://ky.ntt.edu.vn/images/system/tin-tuc-kdd.jpg, https://ky.ntt.edu.vn/images/system/fb.png, https://ky.ntt.edu.vn/images/system/google.png, https://ky.ntt.edu.vn/images/system/youtube.png
co-hoi-lam-viec-tai-nhat-ban-cho-sinh-vien-khoa-dieu-duong-dh-nguyen-tat-thanh|Cơ hội làm việc tại Nhật Bản cho sinh viên khoa Điều dưỡng ĐH Nguyễn Tất Thành|Được viết bởi Super User|'NTTU - Sáng ngày 15/09, đại diện tập đoàn Gakken, Nhật Bản và công ty U International Human đã đến thăm và làm việc với cán bộ giảng viên, sinh viên Khoa Điều Dưỡng Trường ĐH Nguyễn Tất Thành nhằm gặp gỡ và trao đổi đến các học viên lớp tiếng Nhật chuyên ngành Điều dưỡng những thông tin mới nhất về công việc cũng như môi trường làm việc tại Nhật trong thời gian tới.\nÔng Toru Goromaru Đại diện tập đoàn Gakken giới thiệu đến các ứng viên về mô hình chăm sóc người già hàng đầu tại Nhật\nTrong buổi làm việc, ông Toru Goromaru – Tổng giám đốc tập đoàn Gakken Cocofump đã giúp các học viên có cái nhìn rõ nét về những hình thức mô hình kinh doanh trong lĩnh vực phúc lợi y tế, chẳng hạn như khu dân cư dành cho người cao tuổi, ngoài nơi sinh hoạt chuyên dụng còn có phòng khám, nhà thuốc, dịch vụ chăm sóc tại nhà, hệ thống phúc lợi cho các doanh nghiệp hỗ trợ nuôi dưỡng con cái và người cao tuổi,…\nCác bạn sinh viên NTTU chăm chú lắng nghe về môi trường làm việc trong tương lai tại Nhật Bản\nSau khi sinh viên hoàn thành khóa học tại Trường ĐH Nguyễn Tất Thành, đại diện của tập đoàn Gakken và công ty U International Human sẽ tham gia phỏng vấn và trao đổi trực tiếp với các ứng viên. Ông Toru Goromaru – Tổng giám đốc tập đoàn Gakken Cocofump cũng gửi gắm đến các ứng viên tham gia ứng tuyển lần này cần cố gắng từng ngày, ngoài kiến thức chuyên môn, ngôn ngữ, các bạn còn phải trau dồi thêm các kiến thức văn hóa đời sống của Nhật Bản.\nCác bạn sinh viên ĐH Nguyễn Tất Thành chụp ảnh lưu niệm\nTheo đó, sau khi hoàn thành khóa học tại Việt Nam, những ứng viên được tuyển chọn sẽ được đưa sang học tập và làm việc tại Nhật Bản, nơi có ngành Y tế và dịch vụ chăm sóc sức khỏe người cao tuổi phát triển hàng đầu thế giới. Đây là một cơ hội tuyệt vời cho các bạn không những được học hỏi kinh nghiệm làm việc mà còn trải nghiệm phong cách sống, phong cách làm việc của người Nhật.\nTập đoàn GAKKEN thành lập vào 31/3/1947, có trụ sở chính tại Tokyo, Nhật Bản do ông Hideto Furuoka sáng lập.Là tập đoàn hàng đầu tại Nhật Bản với hơn 70 năm hoạt động chuyên về xuất bản giáo dục, có văn phòng ở Trung Quốc, Singapore, Malaysia, Thái Lan, Myanmar, hoạt động mạnh trên các lĩnh vực về phát triển xuất bản sách giáo dục, dịch vụ giáo dục, đào tạo và quản lý chăm sóc viên – điều dưỡng, dịch vụ phúc lợi xã hội, thiết kế và cải tiến mô hình phúc lợi xã hội. Và đây còn là tập đoàn nằm trong top 4 tại Nhật trong lĩnh vực chăm sóc sức khỏe cho người cao tuổi.\nChuyên mục: Tin tức - sự kiện\nĐã đọc 191 lần'|https://ky.ntt.edu.vn/images/system/logo.png, https://ky.ntt.edu.vn/images/system/logo.png, https://ky.ntt.edu.vn/images/system/vi.png, https://ky.ntt.edu.vn/images/system/en.png, https://ky.ntt.edu.vn/images/system/Home.png, https://ky.ntt.edu.vn/images/BaiViet/Nam2019/Thang12/co-hoi-lam-viec-tai-nhat-ban-cho-sinh-vien-khoa-dieu-duong-dh-nguyen-tat-thanh-01.jpg, https://ky.ntt.edu.vn/images/BaiViet/Nam2019/Thang12/co-hoi-lam-viec-tai-nhat-ban-cho-sinh-vien-khoa-dieu-duong-dh-nguyen-tat-thanh-02.jpg, https://ky.ntt.edu.vn/images/BaiViet/Nam2019/Thang12/co-hoi-lam-viec-tai-nhat-ban-cho-sinh-vien-khoa-dieu-duong-dh-nguyen-tat-thanh-03.jpg, https://ky.ntt.edu.vn/images/system/tin-tuc-kdd.jpg, https://ky.ntt.edu.vn/images/system/fb.png, https://ky.ntt.edu.vn/images/system/google.png, https://ky.ntt.edu.vn/images/system/youtube.png
truong-dh-nguyen-tat-thanh-khai-giang-lop-tieng-duc-cho-sinh-vien-nganh-dieu-duong|Trường ĐH Nguyễn Tất Thành khai giảng lớp tiếng Đức cho sinh viên ngành Điều dưỡng|Được viết bởi Super User|'Sáng ngày 17/3/2018 tại phòng học D107, số 298A Nguyễn Tất Thành, P.13, Q. 4, TP. Hồ Chí Minh, khoa Ngoại ngữ, Trung tâm Văn hóa - Giáo dục Đức- Nhật, khoa Điều dưỡng, Trung tâm Đào tạo theo nhu cầu xã hội thuộc Trường ĐH Nguyễn Tất Thành đã tổ chức khai giảng lớp học tiếng Đức đầu tiên cho các sinh viên khoa Điều dưỡng năm thứ I đã đăng ký học tiếng Đức thay cho tiếng Anh.\nSau 4 năm học, sinh viên tốt nghiệp ngành Điều dưỡng tại ĐH Nguyễn Tất Thành sẽ có văn bằng trình độ B2 tiếng Đức để đi làm chuyên viên Điều dưỡng ở CHLB Đức với thu nhập cao như chuyên gia. \nCác học viên trao đổi với nhau\nĐến dự buổi khai giảng khóa học có Giám đốc Công ty Mevita Việt Nam và 2 giảng viên tiếng Đức của Trung tâm Quốc tế Đức (GIC), ThS. Phạm Bá Văn Quân – Phó khoa Ngoại ngữ là giảng viên tiếng Đức chính thức và cô Lương Thị Thủy là Cố vấn học tập và trợ giảng của lớp tiếng Đức này (lớp 17DDD2D).\nChương trình học của lớp tiếng Đức được thiết kế như sau:\nNăm thứ nhất: học 3 học kỳ, mỗi học kỳ 60 tiết, tổng cộng là 180 tiết và thi kiểm tra cấp chứng chỉ trình độ tiếng Đức A1.\nNăm thứ 2: học 3 học kỳ, mỗi học kỳ 60 tiết, tổng cộng là 180 tiết và thi kiểm tra cấp chứng chỉ trình độ tiếng Đức A2.\nNăm thứ 3: học 3 học kỳ, mỗi học kỳ 60 tiết, tổng cộng là 180 tiết + 20 tiết phụ đạo (học ngoại khóa) và thi kiểm tra cấp chứng chỉ trình độ tiếng Đức B1.\nNăm thứ 4: học 3 học kỳ, mỗi học kỳ 90 tiết, tổng cộng là 270 tiết (học ngoại khóa) và thi kiểm tra cấp chứng chỉ trình độ tiếng Đức B2.\nĐặc biệt, sinh viên của ĐH Nguyễn Tất Thành có chứng chỉ tiếng Đức trình độ B1 và B2 thì sau khi xuất cảnh sang Đức sẽ được hoàn trả số tiền học phí học tiếng Đức trình độ B1 và B2 là 31.000.000 triệu đồng.\nHiện nay, Cộng hòa Liên bang Đức Nhật Bản cùng với một số nước như Úc, Hàn Quốc… là những quốc gia có nhu cầu lớn về nguồn nhân lực nhóm ngành sức khỏe, đặc biệt là điều dưỡng mở ra cơ hội việc làm rất lớn cho các sinh viên đã, đang và dự kiến theo học khối ngành này. Nắm bắt nhu cầu đó, nhiều năm qua trường Đại học Nguyễn Tất Thành không ngừng đẩy mạnh đào tạo nguồn nhân lực khối ngành sức khỏe đồng thời ký kết hợp tác với nhiều đối tác trong và ngoài nước, đặc biệt là Đức, nhằm nâng cao chất lượng đào tạo đồng thời tạo điều kiện cho sinh viên trường qua các nước này làm việc sau khi tốt nghiệp. Nhà trường cũng có Trung tâm xuất khẩu lao động liên kết với các tổ chức giáo dục, nghề nghiệp của Cộng hòa Liên bang Đức để giới thiệu chỗ làm việc cho sinh viên có nhu cầu được làm việc tại nước ngoài.\nTags: điều dưỡng sinh viên\nChuyên mục: Tin tức - sự kiện\nĐã đọc 182 lần'|https://ky.ntt.edu.vn/images/system/logo.png, https://ky.ntt.edu.vn/images/system/logo.png, https://ky.ntt.edu.vn/images/system/vi.png, https://ky.ntt.edu.vn/images/system/en.png, https://ky.ntt.edu.vn/images/system/Home.png, https://ky.ntt.edu.vn/images/BaiViet/Nam2019/Thang12/truong-dh-nguyen-tat-thanh-khai-giang-lop-tieng-duc-cho-sinh-vien-nganh-dieu-duong.jpg, https://ky.ntt.edu.vn/images/system/tin-tuc-kdd.jpg, https://ky.ntt.edu.vn/images/system/fb.png, https://ky.ntt.edu.vn/images/system/google.png, https://ky.ntt.edu.vn/images/system/youtube.png
dh-nguyen-tat-thanh-dang-cai-khai-mac-hoi-thi-dieu-duong-truong-gioi-cap-thanh-pho-lan-5-nam-2018|ĐH Nguyễn Tất Thành đăng cai khai mạc Hội thi Điều dưỡng trưởng giỏi cấp Thành phố lần 5 năm 2018|Được viết bởi Super User|'NTTU - Ngày 08/6/2018 Hội thi Điều dưỡng trưởng giỏi cấp thành phố mở rộng lần 5 năm 2018 với chuyên đề “An toàn người bệnh trong sử dụng trang thiết bị y tế” đã chính thức khai mạc tại Trường ĐH Nguyễn Tất Thành (Cơ sở 331, QL1A, P. An Phú Đông, Q12, TP.HCM).\nChương trình do Sở Y tế TP.HCM phối hợp với Hội Điều dưỡng TP.HCM tổ chức với sự đồng hành của Trường Đại học Nguyễn Tất Thành. Hội thi năm nay thu hút hơn 900 thí sinh đến từ 191 đơn vị bệnh viện, trung tâm y tế trực thuộc Bộ ngành, bệnh viện công lập, tư nhân đóng trên địa bàn thành phố và 16 tỉnh thành gồm: Quảng Nam, Bình Định, Phú Yên, Ninh Thuận, Lâm Đồng, Bà Rịa – Vũng Tàu, Bạc Liêu, Đồng Nai, Cần Thơ, Tây Ninh, Trà Vinh, Vĩnh Long, Bến Tre, Tiền Giang, An Giang, Hải Phòng.\nHội thi năm nay thu hút hơn 900 thí sinh đến từ 191 đơn vị bệnh viện, trung tâm y tế\nĐến tham dự cuộc thi, đại diện đơn vị tổ chức có: TTND.PGS.TS.BS Tăng Chí Thượng – PGĐ Sở Y tế TP.HCM, Chủ tịch hội đồng thi; ThS.BS Nguyễn Thị Huỳnh Mai – Chánh VP Sở Y tế TP.HCM. Về phía đơn vị đăng cai tổ chức có: PGS.TS Nguyễn Mạnh Hùng – Hiệu trưởng Trường ĐH Nguyễn Tất Thành, GS.TS Nguyễn Văn Thanh – Phó Hiệu trưởng; ThS Trần Thị Châu – Phó Chủ tịch Hội Điều dưỡng Việt Nam, Trưởng Khoa Điều dưỡng Trường ĐH Nguyễn Tất Thành cùng đại diện đến từ Hội trang thiết bị Thành phố, Hội đồng Khoa học Công nghệ Sở Y tế.\nĐại diện đơn vị tổ chức và đơn vị đồng hành của cuộc thi\nĐây là một cuộc thi được Sở Y tế TP.HCM tổ chức thường niên, với mong muốn tạo một sân chơi bổ ích giúp đội ngũ cán bộ y tế đang làm công tác quản lý điều dưỡng và diện quy hoạch làm công tác quản lý cùng tham gia phong trào tập thể, cũng như học tập và trau dồi kiến thức chuyên môn nghiệp vụ. Qua đó nâng cao trình độ, kỹ năng quy trình kỹ thuật chuyên môn trong hoạt động chăm sóc người bệnh và năng lực quản lý tại các bệnh viện và trung tâm chăm sóc sức khỏe.\nPhát biểu tại lễ khai mạc TTND.PGS.TS.BS Tăng Chí Thượng – PGĐ Sở Y tế TP.HCM, Chủ tịch hội đồng thi nhấn mạnh tầm quan trọng của việc đảm bảo an toàn trong vận hành, sử dụng các trang thiết bị y tế tại các đơn vị. Cùng với sự phát triển không ngường của Khoa học – Kỹ thuật, càng yêu cầu cán bộ y tế phải luôn cập nhật kiến thức chuyên môn, trau dồi kỹ năng để tránh sai sót gây ảnh hưởng nghiêm trọng đến công tác chăm sóc sức khỏe bệnh nhân.\nTTND.PGS.TS.BS Tăng Chí Thượng – PGĐ Sở Y tế TP.HCM, Chủ tịch hội đồng thi phát biểu tại buổi lễ khai mạc\nĐể chuẩn bị cho Hội thi năm nay, Ban tổ chức đã mời các chuyên gia của Ngành Y tế Thành phố tham gia tham gia biên soạn chương trình ôn tập với hơn 420 câu hỏi trắc nghiệm chuyên đề về khâu chuẩn bị, sử dụng, bảo trì trang thiết bị, dụng cụ y tế…. Theo đó, các thí sinh sẽ trải qua 3 vòng:\nVòng 1: Các thí sinh sẽ làm bài thi trắc nghiệm trên giấy gồm 60 câu hỏi, trong thời gian 45 phút. Kết thúc vòng 1, BTC sẽ chọn ra 90 thí sinh có điểm cao nhất vào thi vòng 2. Địa điểm thi: Trường ĐH Nguyễn Tất Thành ( Cơ sở 331 QL1A, P. An Phú Đông, Q12).\nVòng 2: Thi trắc nghiệm bằng cách trả lời nhanh 20 câu hỏi trên hệ thống Edu-Click. Kết thúc vòng thi, BTC chọn ra 9 thí sinh có điểm cao nhất vào vòng chung kết. Thời gian thi: 9h00, ngày 15/6/2018 tại Hội trường Sở Y tế TP.HCM (số 59, Nguyễn Thị Minh Khai, Quận 1, TP.HCM).\nVòng 3: Chung kết xếp hạng, gồm 3 đội tranh tài nhất, nhì, ba với các phần thi trả lời đúng, trả lời nhanh và xử lý tình huống nhằm thử thách chuyên môn tay nghề cũng như cách quản lý trong công tác chăm sóc bệnh. Vòng chung kết diễn ra tại Hội trường BV Nhi Đồng Thành phố (số 15, Võ Trần Chí, Tân Kiên, Bình Chánh, TP.HCM) vào lúc 8h00, ngày 22/6/2018\nCác thí sinh sẽ làm bài thi trắc nghiệm trên giấy gồm 60 câu hỏi, trong thời gian 45 phút\nĐây là năm thứ 2 trường ĐH Nguyễn Tất Thành tham gia với cương vị là đơn vị hỗ trợ cùng với Sở Y tế TP.HCM tổ chức cuộc thi dành cho ngành y tế chăm sóc sức khỏe cộng đồng. Đây sẽ là cơ hội tốt cho cho giảng viên, sinh viên khối ngành Khoa học Sức khỏe của ĐH Nguyễn Tất Thành học hỏi được nhiều kinh nghiệm trong công tác tổ chức thực hiện cuộc thi mang tính quy mô rộng lớn. Qua đó giúp các bạn sinh viên hiểu rõ hơn những yếu tố để tạo nên một “điều dưỡng giỏi”. Ngoài năng lực chuyên môn nghiệp vụ, đạo đức nghề nghiệp, văn hóa giao tiếp ứng xử, thái độ phục vụ người bệnh thân thiện, tận tình, chu đáo mà vấn đề chăm sóc an toàn người bệnh trong phẫu thuật là mục tiêu hàng đầu. Đây cũng là điều mà Ngành Y tế Thành phố nói chung và khối ngành Sức khỏe tại Trường ĐH Nguyễn Tất Thành nói riêng đang nỗ lực thực hiện.\nKết thúc vòng 1, BTC sẽ chọn ra 90 thí sinh có điểm cao nhất vào thi vòng 2\nTrong những năm qua, Khối ngành Sức khỏe Trường ĐH Nguyễn Tất Thành không ngừng phát triển về mặt số lượng lẫn chất lượng. Toàn bộ chương trình đào tạo được áp dụng và đánh giá theo bộ tiêu chuẩn AUN - QA (mạng lưới các trường ĐH Đông Nam Á) nhằm đảm bảo hiệu quả chất lượng đào tạo cao nhất. Hiện nay, Khối ngành sức khỏe Trường ĐH Nguyễn Tất Thành đang đào tạo các ngành về Dược, bác sỹ Y khoa, bác sỹ Y học dự phòng, điều dưỡng. Với hình thức đào tạo đa dạng cho phép sinh viên lựa chọn nhiều ngôn ngữ tiếng Nhật, tiếng Đức, tiếng Hàn,... chương trình đào tạo linh hoạt nhằm tạo điều kiện cho sinh viên có cơ hội thực tập và làm việc tại các doanh nghiệp trong và ngoài nước. Riêng khoa Điều dưỡng của Trường ĐH Nguyễn Tất Thành đang có các chương trình đào tạo theo: hệ cử nhân, cử nhân điều dưỡng liên thông, thạc sỹ điều dưỡng quốc tế. Đến nay, ngành Điều dưỡng của ĐH Nguyễn Tất Thành đã cung cấp hơn 1.000 cử nhân Điều dưỡng chính quy cho thị trường lao động. Nhiều người trong số đó đó hiện đang công tác tại các bệnh viện lớn, một số còn được tuyển chọn sang đào tạo và làm việc tại Nhật Bản, Hàn Quốc, Đài loan và Cộng hòa Liên bang Đức.\nTags: điều dưỡng đại học nguyễn tất thành\nChuyên mục: Tin tức - sự kiện\nĐã đọc 244 lần'|https://ky.ntt.edu.vn/images/system/logo.png, https://ky.ntt.edu.vn/images/system/logo.png, https://ky.ntt.edu.vn/images/system/vi.png, https://ky.ntt.edu.vn/images/system/en.png, https://ky.ntt.edu.vn/images/system/Home.png, https://ky.ntt.edu.vn/images/BaiViet/Nam2019/Thang12/dh-nguyen-tat-thanh-dang-cai-khai-mac-hoi-thi-dieu-duong-truong-gioi-cap-thanh-pho-lan-5-nam-2018-01.jpg, https://ky.ntt.edu.vn/images/BaiViet/Nam2019/Thang12/dh-nguyen-tat-thanh-dang-cai-khai-mac-hoi-thi-dieu-duong-truong-gioi-cap-thanh-pho-lan-5-nam-2018-02.jpg, https://ky.ntt.edu.vn/images/BaiViet/Nam2019/Thang12/dh-nguyen-tat-thanh-dang-cai-khai-mac-hoi-thi-dieu-duong-truong-gioi-cap-thanh-pho-lan-5-nam-2018-03.jpg, https://ky.ntt.edu.vn/images/BaiViet/Nam2019/Thang12/dh-nguyen-tat-thanh-dang-cai-khai-mac-hoi-thi-dieu-duong-truong-gioi-cap-thanh-pho-lan-5-nam-2018-04.jpg, https://ky.ntt.edu.vn/images/BaiViet/Nam2019/Thang12/dh-nguyen-tat-thanh-dang-cai-khai-mac-hoi-thi-dieu-duong-truong-gioi-cap-thanh-pho-lan-5-nam-2018-05.jpg, https://ky.ntt.edu.vn/images/system/tin-tuc-kdd.jpg, https://ky.ntt.edu.vn/images/system/fb.png, https://ky.ntt.edu.vn/images/system/google.png, https://ky.ntt.edu.vn/images/system/youtube.png
le-tot-nghiep-lop-lien-thong-chuyen-nganh-dieu-duong-khoa-hoc-2016-2019|Lễ tốt nghiệp lớp liên thông chuyên ngành Điều dưỡng khóa học 2016 – 2019|Được viết bởi Super User|'NTTU - Sáng ngày 18/5 Trường ĐH Nguyễn Tất Thành đã tổ chức lễ trao bằng tốt nghiệp trình độ đại học cho các lớp liên thông chuyên ngành Điều dưỡng khóa 2016 – 2019. Buổi lễ có sự tham dự của Ban giám hiệu nhà trường, Quý thầy cô lãnh đạo khối ngành Sức khỏe, lãnh đạo phòng ban chức năng cùng toàn thể các bạn tân khoa.\n  PGS.TS Nguyễn Mạnh Hùng - Hiệu trưởng nhà trường cùng hòa chung niềm vui với các tân khoa\nTrong đợt tốt nghiệp này, Trường ĐH Nguyễn Tất Thành đã xét công nhận tốt nghiệp cho 383 sinh viên trong đó có 3 sinh viện đạt xuất sắc, 101 sinh viên đạt giỏi và 279 sinh viên được xếp loại khá. Thay mặt lãnh đạo nhà trường, GS.TS Nguyễn Văn Thanh – Phó hiệu trưởng nhà trường, trưởng khoa Dược đã gửi lời chúc mừng các tân cử nhân đồng thời biểu dương và ghi nhận sự nỗ lực cố gắng không mệt mỏi của các bạn sinh viên sau một thời gian học tập vất vả với nhiều thử thách trong điều kiện vừa làm vừa học.\nGS.TS Nguyễn Văn Thanh thay mặt khối Sức khỏe chúc mừng các tân cử nhân\nTrong 20 năm xây dựng và phát triển, Trường ĐH Nguyễn Tất Thành đã đào tạo hàng chục ngàn sinh viên tốt nghiệp ra trường giỏi kiến thức, vững chuyên môn ở hầu hết các lĩnh vực. Trong đó, có không ít nhân sự chất lượng cao đang đảm nhận những trọng trách quan trọng trong công tác bảo vệ, chăm sóc sức khỏe của nhân dân trong nước và cả quốc tế.\nPhần cuối của buổi lễ là nghi thức tung nón của hơn 383 tân cử nhân mang ý nghĩa thả tung kiến thức và áp dụng vào công việc thực tế cũng như không ngừng hoàn thiện bản thân, tiếp tục rèn luyện, nâng cao trình độ tri thức ở một cấp độ cao hơn để qua đó góp phần phát triển đất nước.\nNghi thức tung nón\nHình ảnh của buổi lễ vui lòng xem chi tiết tại đây.\nTags: tốt nghiệp liên thông điều dưỡng\nChuyên mục: Tin tức - sự kiện\nĐã đọc 489 lần'|https://ky.ntt.edu.vn/images/system/logo.png, https://ky.ntt.edu.vn/images/system/logo.png, https://ky.ntt.edu.vn/images/system/vi.png, https://ky.ntt.edu.vn/images/system/en.png, https://ky.ntt.edu.vn/images/system/Home.png, https://ky.ntt.edu.vn/images/BaiViet/Nam2019/Thang12/le-tot-nghiep-lop-lien-thong-chuyen-nganh-dieu-duong-khoa-hoc-2016-2019-1.jpg, https://ky.ntt.edu.vn/images/BaiViet/Nam2019/Thang12/le-tot-nghiep-lop-lien-thong-chuyen-nganh-dieu-duong-khoa-hoc-2016-2019-2.jpg, https://ky.ntt.edu.vn/images/BaiViet/Nam2019/Thang12/le-tot-nghiep-lop-lien-thong-chuyen-nganh-dieu-duong-khoa-hoc-2016-2019-3.jpg, https://ky.ntt.edu.vn/images/system/tin-tuc-kdd.jpg, https://ky.ntt.edu.vn/images/system/fb.png, https://ky.ntt.edu.vn/images/system/google.png, https://ky.ntt.edu.vn/images/system/youtube.png
dh-nguyen-tat-thanh-cung-so-y-te-tp-hcm-to-chuc-hoi-thi-dieu-duong-truong-gioi-nam-2019|ĐH Nguyễn Tất Thành cùng Sở Y tế TP.HCM tổ chức Hội thi Điều dưỡng trưởng giỏi năm 2019|Được viết bởi Super User|'NTTU - Ngày 01/6/2019 Hội thi Điều dưỡng trưởng giỏi cấp thành phố mở rộng lần 6 năm 2019 với chuyên đề “Kiểm soát nhiễm khuẩn và An toàn người bệnh” đã chính thức khai mạc tại Trường ĐH Nguyễn Tất Thành (Cơ sở 331, QL1A, P. An Phú Đông, Q12, TP.HCM).\nChương trình do Sở Y tế TP.HCM phối hợp với Hội Điều dưỡng TP.HCM tổ chức với sự đồng hành của Trường Đại học Nguyễn Tất Thành. Hội thi năm nay thu hút hơn 1.046 thí sinh đến từ các BV thành phố, quận huyện, tư nhân, BV bộ ngành và đặc biệt còn có các thí sinh đến từ các tỉnh thành phía nam như Bến Tre, Cà Mau, Vĩnh Long, Bạc Liêu, Đồng Nai, Long An, Tây Ninh, Bình Dương, Cần Thơ, Kiên Giang.\nCuộc thi thu hút đông đảo các thí sinh tham gia\nTheo đó, các thí sinh sẽ trải qua 3 vòng thi, bao gồm:\nVòng 1: Các thí sinh sẽ làm bài thi trắc nghiệm lý thuyết trên giấy gồm 80 câu hỏi, trong thời gian 40 phút. Kết thúc vòng 1, BTC sẽ chọn ra 100 thí sinh có điểm cao nhất vào thi vòng 2. Sở Y tế sẽ công bố kết quả thi vòng 1 trên website Sở Y tế ngay trong ngày hôm nay.\nVòng 2: Sẽ được diễn ra vào lúc 9h00, ngày 14/6/2019 tại Hội trường lầu 4, Sở Y tế TP.HCM (số 59, Nguyễn Thị Minh Khai, Quận 1, TP.HCM). Hình thức thi trắc nghiệm bằng cách trả lời nhanh trên hệ thống Edu-Click. Kết thúc vòng thi, BTC sẽ công bố ngay kết quả và chọn ra 9 thí sinh có điểm cao nhất vào vòng chung kết. 9 thí sinh sẽ được sắp xếp ngẫu nhiên thành 3 đội thi để vào thi chung kết xếp hạng\nVòng Chung kết xếp hạng: sẽ được tổ chức vào lúc 8g00 Thứ Sáu ngày 21/6/2019 tại Bệnh viện Nhi đồng Thành phố. 03 đội thi sẽ trải qua 4 lượt thi: Vững chuyên môn, Giỏi quản lý, Học từ sai sót, Kỹ năng xử lý tình huống liên quan đến kiểm soát nhiễm khuẩn. BTC sẽ có 03 giải nhất, 03 giải nhì, 03 giải ba. Các thí sinh vào chung kết xếp hạng sẽ nhận được giấy khen, huy chương và tiền thưởng từ BTC Hội thi.\nĐây là năm thứ 3 trường ĐH Nguyễn Tất Thành tham gia với cương vị là đơn vị hỗ trợ cùng với Sở Y tế TP.HCM tổ chức cuộc thi dành cho ngành y tế chăm sóc sức khỏe cộng đồng. Đây sẽ là cơ hội tốt cho cho giảng viên, sinh viên khối ngành Khoa học Sức khỏe của ĐH Nguyễn Tất Thành học hỏi được nhiều kinh nghiệm trong công tác tổ chức thực hiện cuộc thi mang tính quy mô rộng lớn. Qua đó giúp các bạn sinh viên hiểu rõ hơn những yếu tố để tạo nên một “điều dưỡng giỏi”. Ngoài năng lực chuyên môn nghiệp vụ, đạo đức nghề nghiệp, văn hóa giao tiếp ứng xử, thái độ phục vụ người bệnh thân thiện, tận tình, chu đáo mà vấn đề chăm sóc an toàn người bệnh trong phẫu thuật là mục tiêu hàng đầu. Đây cũng là điều mà Ngành Y tế Thành phố nói chung và khối ngành Sức khỏe tại Trường ĐH Nguyễn Tất Thành nói riêng đang nỗ lực thực hiện.\nCơ cấu giải thưởng:\nĐội giải nhất sẽ nhận giải thưởng trị giá 30 triệu đồng\nĐội giải nhì sẽ nhận giải thưởng trị giá 21 triệu đồng\nĐội giải ba sẽ nhận giải thưởng trị giá 15 triệu đồng\nNgoài ra tùy theo kết quả thi, BTC sẽ trao các giải thưởng phụ có trị giá 1 triệu đồng gồm:\nThí sinh đạt giải lý thuyết cao nhất của Vòng 1\nThí sinh đạt giải lý thuyết cao nhất của Vòng 2\nThí sinh ấn tượng nhất Vòng chung kết xếp hạng\nLưu ý: các thí sinh phải thường xuyên vào website của Sở Y tế www.medinet.hochiminhcity.gov.vn để cập nhật thông tin của Hội thi.\nChuyên mục: Tin tức - sự kiện\nĐã đọc 1123 lần'|https://ky.ntt.edu.vn/images/system/logo.png, https://ky.ntt.edu.vn/images/system/logo.png, https://ky.ntt.edu.vn/images/system/vi.png, https://ky.ntt.edu.vn/images/system/en.png, https://ky.ntt.edu.vn/images/system/Home.png, https://ky.ntt.edu.vn/images/BaiViet/Nam2019/Thang12/hoi-thi-dieu-duong-truong-gioi-nam-2019.jpg, https://ky.ntt.edu.vn/images/system/tin-tuc-kdd.jpg, https://ky.ntt.edu.vn/images/system/fb.png, https://ky.ntt.edu.vn/images/system/google.png, https://ky.ntt.edu.vn/images/system/youtube.png
